Workbook

Sheet Dashboard
B2: TSMC (TSM) — Google Finance vs Yahoo Finance
B4: Data-Source Validation Report • Generated from daily OHLCV history, 9 Oct 1997 – 10 Sep 2026
B6: COMMON TRADING DAYS | D6: DATE COVERAGE | F6: AVG CORRELATION | H6: RECENT AGREEMENT
B7: 7,271 | D7: 28.9 yrs | F7: 0.9992 | H7: ~0.0000%
B9: Dates in both sources | D9: Oct 1997 – Sep 2026 | F9: Across all 5 fields | H9: Close, avg 2020–2026
B12: VERDICT: Google Finance and Yahoo Finance are HIGHLY RELIABLE, CONSISTENT sources for TSM — near-perfect agreement since 2010, with explainable divergence only in pre-2005 history.
B15: KEY INSIGHT — Agreement improves dramatically over time
B16: Splitting the 28.9-year history into eras shows the two sources essentially converge to identical numbers from 2010 onward, while earlier years show large gaps: • 1997–1999: ~39% average Close difference (max 74%) • 2000–2004: ~18% average Close difference (max 56%) • 2005–2009: ~0.6% average Close difference (max 2.5%) • 2010–2026: ~0.0004% or less — effectively identical This pattern is a classic signature of split/dividend back-adjustment differences between providers (each vendor re-adjusts historical prices for corporate actions using its own methodology), not random data error. See the 'Era Analysis' tab for the full breakdown, and treat pre-2005 raw values with caution if your analysis is adjustment-sensitive.
B20: Dataset Coverage
B21: Google Finance records | E21: 7273
B22: Yahoo Finance records | E22: 7274
B23: Common dates (compared) | E23: 7271
B24: Google-only dates | E24: 2
B25: Yahoo-only dates | E25: 3
B26: Fields compared | E26: Open, High, Low, Close, Volume

Sheet Validation Metrics
A1: Validation Metrics — Google Finance vs Yahoo Finance
A5: Field | B5: Google Mean | C5: Yahoo Mean | D5: MAE | E5: RMSE | F5: Mean Abs % Diff | G5: Correlation | H5: Within 1% | I5: Within 2% | J5: Verdict
A6: Open | B6: =AVERAGE('Comparison Data'!B2:B7272) -> 47.367633 | C6: =AVERAGE('Comparison Data'!C2:C7272) -> 48.027819 | D6: =SUMPRODUCT(ABS('Comparison Data'!D2:D7272))/COUNT('Comparison Data'!D2:D7272) -> 0.66182635 | E6: =SQRT(SUMPRODUCT(('Comparison Data'!D2:D7272)^2)/COUNT('Comparison Data'!D2:D7272)) -> 1.9961657 | F6: =AVERAGE('Comparison Data'!E2:E7272) -> 6.283747 | G6: =CORREL('Comparison Data'!B2:B7272,'Comparison Data'!C2:C7272) -> 0.99969974 | H6: =COUNTIF('Comparison Data'!E2:E7272,"<=1")/COUNT('Comparison Data'!E2:E7272)*100 -> 73.442443 | I6: =COUNTIF('Comparison Data'!E2:E7272,"<=2")/COUNT('Comparison Data'!E2:E7272)*100 -> 82.725897 | J6: =IF(AND(G6>=0.999,F6<=1),"Excellent",IF(AND(G6>=0.99,F6<=5),"Good",IF(AND(G6>=0.95,F6<=15),"Fair","Review"))) -> Fair
A7: High | B7: =AVERAGE('Comparison Data'!F2:F7272) -> 47.945787 | C7: =AVERAGE('Comparison Data'!G2:G7272) -> 48.62009 | D7: =SUMPRODUCT(ABS('Comparison Data'!H2:H7272))/COUNT('Comparison Data'!H2:H7272) -> 0.67477168 | E7: =SQRT(SUMPRODUCT(('Comparison Data'!H2:H7272)^2)/COUNT('Comparison Data'!H2:H7272)) -> 2.0407161 | F7: =AVERAGE('Comparison Data'!I2:I7272) -> 6.2834285 | G7: =CORREL('Comparison Data'!F2:F7272,'Comparison Data'!G2:G7272) -> 0.99969444 | H7: =COUNTIF('Comparison Data'!I2:I7272,"<=1")/COUNT('Comparison Data'!I2:I7272)*100 -> 72.906065 | I7: =COUNTIF('Comparison Data'!I2:I7272,"<=2")/COUNT('Comparison Data'!I2:I7272)*100 -> 82.959703 | J7: =IF(AND(G7>=0.999,F7<=1),"Excellent",IF(AND(G7>=0.99,F7<=5),"Good",IF(AND(G7>=0.95,F7<=15),"Fair","Review"))) -> Fair
A8: Low | B8: =AVERAGE('Comparison Data'!J2:J7272) -> 46.728757 | C8: =AVERAGE('Comparison Data'!K2:K7272) -> 47.374351 | D8: =SUMPRODUCT(ABS('Comparison Data'!L2:L7272))/COUNT('Comparison Data'!L2:L7272) -> 0.64603154 | E8: =SQRT(SUMPRODUCT(('Comparison Data'!L2:L7272)^2)/COUNT('Comparison Data'!L2:L7272)) -> 1.9500828 | F8: =AVERAGE('Comparison Data'!M2:M7272) -> 6.2755685 | G8: =CORREL('Comparison Data'!J2:J7272,'Comparison Data'!K2:K7272) -> 0.99970446 | H8: =COUNTIF('Comparison Data'!M2:M7272,"<=1")/COUNT('Comparison Data'!M2:M7272)*100 -> 72.919818 | I8: =COUNTIF('Comparison Data'!M2:M7272,"<=2")/COUNT('Comparison Data'!M2:M7272)*100 -> 82.918443 | J8: =IF(AND(G8>=0.999,F8<=1),"Excellent",IF(AND(G8>=0.99,F8<=5),"Good",IF(AND(G8>=0.95,F8<=15),"Fair","Review"))) -> Fair
A9: Close | B9: =AVERAGE('Comparison Data'!N2:N7272) -> 47.341517 | C9: =AVERAGE('Comparison Data'!O2:O7272) -> 48.001279 | D9: =SUMPRODUCT(ABS('Comparison Data'!P2:P7272))/COUNT('Comparison Data'!P2:P7272) -> 0.66010446 | E9: =SQRT(SUMPRODUCT(('Comparison Data'!P2:P7272)^2)/COUNT('Comparison Data'!P2:P7272)) -> 1.9951328 | F9: =AVERAGE('Comparison Data'!Q2:Q7272) -> 6.2792518 | G9: =CORREL('Comparison Data'!N2:N7272,'Comparison Data'!O2:O7272) -> 0.99969956 | H9: =COUNTIF('Comparison Data'!Q2:Q7272,"<=1")/COUNT('Comparison Data'!Q2:Q7272)*100 -> 72.974832 | I9: =COUNTIF('Comparison Data'!Q2:Q7272,"<=2")/COUNT('Comparison Data'!Q2:Q7272)*100 -> 82.932196 | J9: =IF(AND(G9>=0.999,F9<=1),"Excellent",IF(AND(G9>=0.99,F9<=5),"Good",IF(AND(G9>=0.95,F9<=15),"Fair","Review"))) -> Fair
A10: Volume | B10: =AVERAGE('Comparison Data'!R2:R7272) -> 9569372.7 | C10: =AVERAGE('Comparison Data'!S2:S7272) -> 10072147 | D10: =SUMPRODUCT(ABS('Comparison Data'!T2:T7272))/COUNT('Comparison Data'!T2:T7272) -> 505888.38 | E10: =SQRT(SUMPRODUCT(('Comparison Data'!T2:T7272)^2)/COUNT('Comparison Data'!T2:T7272)) -> 1177937.4 | F10: =AVERAGE('Comparison Data'!U2:U7272) -> 11.304429 | G10: =CORREL('Comparison Data'!R2:R7272,'Comparison Data'!S2:S7272) -> 0.9873764 | H10: =COUNTIF('Comparison Data'!U2:U7272,"<=1")/COUNT('Comparison Data'!U2:U7272)*100 -> 69.398982 | I10: =COUNTIF('Comparison Data'!U2:U7272,"<=2")/COUNT('Comparison Data'!U2:U7272)*100 -> 69.646541 | J10: =IF(AND(G10>=0.999,F10<=1),"Excellent",IF(AND(G10>=0.99,F10<=5),"Good",IF(AND(G10>=0.95,F10<=15),"Fair","Review"))) -> Fair
A12: MAE = Mean Absolute Error | RMSE = Root Mean Square Error | Correlation → 1 means near-perfect agreement | Verdict: Excellent (corr ≥ 0.999, avg %diff ≤ 1%), Good (≥ 0.99, ≤ 5%), Fair (≥ 0.95, ≤ 15%), else Review

Sheet Era Analysis
A1: Era Analysis — Does Agreement Change Over Time?
A3: Close-price agreement broken into 6 historical eras. Computed live from 'Comparison Data' using AVERAGEIFS/COUNTIFS/MAXIFS on the Date column.
A5: Era | B5: Trading Days | C5: Avg Close % Diff | D5: Max Close % Diff | E5: Avg Correlation Proxy* | F5: Agreement Level
A6: 1997-1999 | B6: =COUNTIFS('Comparison Data'!$A$2:$A$7272,">="&DATE(1997,1,1),'Comparison Data'!$A$2:$A$7272,"<="&DATE(1999,12,31)) -> 559 | C6: =AVERAGEIFS('Comparison Data'!$Q$2:$Q$7272,'Comparison Data'!$A$2:$A$7272,">="&DATE(1997,1,1),'Comparison Data'!$A$2:$A$7272,"<="&DATE(1999,12,31)) -> 39.220879 | D6: =_xlfn.MAXIFS('Comparison Data'!$Q$2:$Q$7272,'Comparison Data'!$A$2:$A$7272,">="&DATE(1997,1,1),'Comparison Data'!$A$2:$A$7272,"<="&DATE(1999,12,31)) -> 74.081478 | E6: =1-(C6/100) -> 0.60779121 | F6: =IF(C6<=1,"Near-identical",IF(C6<=5,"Close agreement",IF(C6<=20,"Moderate gap","Large gap"))) -> Large gap
A7: 2000-2004 | B7: =COUNTIFS('Comparison Data'!$A$2:$A$7272,">="&DATE(2000,1,1),'Comparison Data'!$A$2:$A$7272,"<="&DATE(2004,12,31)) -> 1256 | C7: =AVERAGEIFS('Comparison Data'!$Q$2:$Q$7272,'Comparison Data'!$A$2:$A$7272,">="&DATE(2000,1,1),'Comparison Data'!$A$2:$A$7272,"<="&DATE(2004,12,31)) -> 18.292101 | D7: =_xlfn.MAXIFS('Comparison Data'!$Q$2:$Q$7272,'Comparison Data'!$A$2:$A$7272,">="&DATE(2000,1,1),'Comparison Data'!$A$2:$A$7272,"<="&DATE(2004,12,31)) -> 55.635975 | E7: =1-(C7/100) -> 0.81707899 | F7: =IF(C7<=1,"Near-identical",IF(C7<=5,"Close agreement",IF(C7<=20,"Moderate gap","Large gap"))) -> Moderate gap
A8: 2005-2009 | B8: =COUNTIFS('Comparison Data'!$A$2:$A$7272,">="&DATE(2005,1,1),'Comparison Data'!$A$2:$A$7272,"<="&DATE(2009,12,31)) -> 1259 | C8: =AVERAGEIFS('Comparison Data'!$Q$2:$Q$7272,'Comparison Data'!$A$2:$A$7272,">="&DATE(2005,1,1),'Comparison Data'!$A$2:$A$7272,"<="&DATE(2009,12,31)) -> 0.59981801 | D8: =_xlfn.MAXIFS('Comparison Data'!$Q$2:$Q$7272,'Comparison Data'!$A$2:$A$7272,">="&DATE(2005,1,1),'Comparison Data'!$A$2:$A$7272,"<="&DATE(2009,12,31)) -> 2.5099982 | E8: =1-(C8/100) -> 0.99400182 | F8: =IF(C8<=1,"Near-identical",IF(C8<=5,"Close agreement",IF(C8<=20,"Moderate gap","Large gap"))) -> Near-identical
A9: 2010-2014 | B9: =COUNTIFS('Comparison Data'!$A$2:$A$7272,">="&DATE(2010,1,1),'Comparison Data'!$A$2:$A$7272,"<="&DATE(2014,12,31)) -> 1258 | C9: =AVERAGEIFS('Comparison Data'!$Q$2:$Q$7272,'Comparison Data'!$A$2:$A$7272,">="&DATE(2010,1,1),'Comparison Data'!$A$2:$A$7272,"<="&DATE(2014,12,31)) -> 0.0004033921 | D9: =_xlfn.MAXIFS('Comparison Data'!$Q$2:$Q$7272,'Comparison Data'!$A$2:$A$7272,">="&DATE(2010,1,1),'Comparison Data'!$A$2:$A$7272,"<="&DATE(2014,12,31)) -> 0.23165877 | E9: =1-(C9/100) -> 0.99999597 | F9: =IF(C9<=1,"Near-identical",IF(C9<=5,"Close agreement",IF(C9<=20,"Moderate gap","Large gap"))) -> Near-identical
A10: 2015-2019 | B10: =COUNTIFS('Comparison Data'!$A$2:$A$7272,">="&DATE(2015,1,1),'Comparison Data'!$A$2:$A$7272,"<="&DATE(2019,12,31)) -> 1258 | C10: =AVERAGEIFS('Comparison Data'!$Q$2:$Q$7272,'Comparison Data'!$A$2:$A$7272,">="&DATE(2015,1,1),'Comparison Data'!$A$2:$A$7272,"<="&DATE(2019,12,31)) -> 0.001119421 | D10: =_xlfn.MAXIFS('Comparison Data'!$Q$2:$Q$7272,'Comparison Data'!$A$2:$A$7272,">="&DATE(2015,1,1),'Comparison Data'!$A$2:$A$7272,"<="&DATE(2019,12,31)) -> 1.4055228 | E10: =1-(C10/100) -> 0.99998881 | F10: =IF(C10<=1,"Near-identical",IF(C10<=5,"Close agreement",IF(C10<=20,"Moderate gap","Large gap"))) -> Near-identical
A11: 2020-2026 | B11: =COUNTIFS('Comparison Data'!$A$2:$A$7272,">="&DATE(2020,1,1),'Comparison Data'!$A$2:$A$7272,"<="&DATE(2026,12,31)) -> 1681 | C11: =AVERAGEIFS('Comparison Data'!$Q$2:$Q$7272,'Comparison Data'!$A$2:$A$7272,">="&DATE(2020,1,1),'Comparison Data'!$A$2:$A$7272,"<="&DATE(2026,12,31)) -> 2.0178623e-06 | D11: =_xlfn.MAXIFS('Comparison Data'!$Q$2:$Q$7272,'Comparison Data'!$A$2:$A$7272,">="&DATE(2020,1,1),'Comparison Data'!$A$2:$A$7272,"<="&DATE(2026,12,31)) -> 5.6558453e-06 | E11: =1-(C11/100) -> 0.99999998 | F11: =IF(C11<=1,"Near-identical",IF(C11<=5,"Close agreement",IF(C11<=20,"Moderate gap","Large gap"))) -> Near-identical
A13: *Proxy = 1 − (avg % diff / 100); a simple illustrative closeness score, not a statistical correlation coefficient.
A15: Likely Explanation
A16: The sharp drop in average difference around 2009-2010 is a classic signature of back-adjustment for stock splits and other corporate actions. Data providers periodically re-adjust historical OHLC series using their own split/dividend schedules and rounding conventions, so two vendors can show materially different values for the same old trading day even though both are internally consistent. This is a data-methodology difference, not necessarily an error in either source — but it means pre-2005 raw price levels from the two feeds should not be mixed in the same back-test without reconciling adjustment factors first.

Sheet Date Differences
A1: Dates Present in Only One Source
A4: Google-only | B4: Yahoo-only | D4: What this means
A5: 35711 | B5: 35759 | D5: Only 5 dates out of 7,276 total calendar rows differ between the two feeds — under 0.07% of the data. These are most likely holiday/half-day trading conventions or feed-timing edge cases at each vendor, not a sign of missing history. They are excluded from every comparison elsewhere in this workbook.
A6: 39997 | B6: 35781
B7: 35809

Sheet Comparison Data
A1: Date | B1: Open_Google | C1: Open_Yahoo | D1: Open_Diff | E1: Open_%_Diff | F1: High_Google | G1: High_Yahoo | H1: High_Diff | I1: High_%_Diff | J1: Low_Google | K1: Low_Yahoo | L1: Low_Diff | M1: Low_%_Diff | N1: Close_Google | O1: Close_Yahoo | P1: Close_Diff | Q1: Close_%_Diff | R1: Volume_Google | S1: Volume_Yahoo | T1: Volume_Diff | U1: Volume_%_Diff
A2: 35712 | B2: 5.59 | C2: 5.64604 | D2: =B2-C2 -> -0.056039963 | E2: =IFERROR(ABS(D2)/C2*100,0) -> 0.99255342 | F2: 6.49 | G2: 6.5626912 | H2: =F2-G2 -> -0.072691212 | I2: =IFERROR(ABS(H2)/G2*100,0) -> 1.1076433 | J2: 5.58 | K2: 5.64604 | L2: =J2-K2 -> -0.066039963 | M2: =IFERROR(ABS(L2)/K2*100,0) -> 1.1696687 | N2: 6.26 | O2: 6.323565 | P2: =N2-O2 -> -0.063565006 | Q2: =IFERROR(ABS(P2)/O2*100,0) -> 1.0052084 | R2: 2167736 | S2: 10201979 | T2: =R2-S2 -> -8034243 | U2: =IFERROR(ABS(T2)/S2*100,0) -> 78.751809
A3: 35713 | B3: 6.94 | C3: 7.0143738 | D3: =B3-C3 -> -0.074373779 | E3: =IFERROR(ABS(D3)/C3*100,0) -> 1.0603053 | F3: 6.97 | G3: 7.0409441 | H3: =F3-G3 -> -0.070944099 | I3: =IFERROR(ABS(H3)/G3*100,0) -> 1.0075936 | J3: 6.29 | K3: 6.3634191 | L3: =J3-K3 -> -0.073419056 | M3: =IFERROR(ABS(L3)/K3*100,0) -> 1.1537674 | N3: 6.55 | O3: 6.6158299 | P3: =N3-O3 -> -0.065829945 | Q3: =IFERROR(ABS(P3)/O3*100,0) -> 0.99503684 | R3: 2267033 | S3: 10669148 | T3: =R3-S3 -> -8402115 | U3: =IFERROR(ABS(T3)/S3*100,0) -> 78.751509
A4: 35716 | B4: 6.56 | C4: 6.6291151 | D4: =B4-C4 -> -0.069115105 | E4: =IFERROR(ABS(D4)/C4*100,0) -> 1.0425993 | F4: 6.56 | G4: 6.6291151 | H4: =F4-G4 -> -0.069115105 | I4: =IFERROR(ABS(H4)/G4*100,0) -> 1.0425993 | J4: 6.37 | K4: 6.4431281 | L4: =J4-K4 -> -0.073128109 | M4: =IFERROR(ABS(L4)/K4*100,0) -> 1.1349783 | N4: 6.4 | O4: 6.469698 | P4: =N4-O4 -> -0.069697952 | Q4: =IFERROR(ABS(P4)/O4*100,0) -> 1.0772984 | R4: 647081 | S4: 3044363 | T4: =R4-S4 -> -2397282 | U4: =IFERROR(ABS(T4)/S4*100,0) -> 78.744946
A5: 35717 | B5: 6.35 | C5: 6.4165578 | D5: =B5-C5 -> -0.066557789 | E5: =IFERROR(ABS(D5)/C5*100,0) -> 1.0372818 | F5: 6.36 | G5: 6.4298429 | H5: =F5-G5 -> -0.069842949 | I5: =IFERROR(ABS(H5)/G5*100,0) -> 1.086231 | J5: 5.97 | K5: 6.0312991 | L5: =J5-K5 -> -0.061299114 | M5: =IFERROR(ABS(L5)/K5*100,0) -> 1.0163501 | N5: 6.14 | O5: 6.2040019 | P5: =N5-O5 -> -0.064001904 | Q5: =IFERROR(ABS(P5)/O5*100,0) -> 1.0316229 | R5: 541983 | S5: 2549907 | T5: =R5-S5 -> -2007924 | U5: =IFERROR(ABS(T5)/S5*100,0) -> 78.74499
A6: 35718 | B6: 5.76 | C6: 5.8187418 | D6: =B6-C6 -> -0.058741798 | E6: =IFERROR(ABS(D6)/C6*100,0) -> 1.0095275 | F6: 5.98 | G6: 6.0445838 | H6: =F6-G6 -> -0.064583797 | I6: =IFERROR(ABS(H6)/G6*100,0) -> 1.0684573 | J6: 5.74 | K6: 5.8054581 | L6: =J6-K6 -> -0.065458069 | M6: =IFERROR(ABS(L6)/K6*100,0) -> 1.1275263 | N6: 5.97 | O6: 6.0312991 | P6: =N6-O6 -> -0.061299114 | Q6: =IFERROR(ABS(P6)/O6*100,0) -> 1.0163501 | R6: 673180 | S6: 3167153 | T6: =R6-S6 -> -2493973 | U6: =IFERROR(ABS(T6)/S6*100,0) -> 78.744949
A7: 35719 | B7: 5.97 | C7: 6.0312991 | D7: =B7-C7 -> -0.061299114 | E7: =IFERROR(ABS(D7)/C7*100,0) -> 1.0163501 | F7: 5.97 | G7: 6.0312991 | H7: =F7-G7 -> -0.061299114 | I7: =IFERROR(ABS(H7)/G7*100,0) -> 1.0163501 | J7: 5.76 | K7: 5.8187418 | L7: =J7-K7 -> -0.058741798 | M7: =IFERROR(ABS(L7)/K7*100,0) -> 1.0095275 | N7: 5.78 | O7: 5.8453121 | P7: =N7-O7 -> -0.065312119 | Q7: =IFERROR(ABS(P7)/O7*100,0) -> 1.1173419 | R7: 376388 | S7: 1770821 | T7: =R7-S7 -> -1394433 | U7: =IFERROR(ABS(T7)/S7*100,0) -> 78.745
A8: 35720 | B8: 5.52 | C8: 5.5796161 | D8: =B8-C8 -> -0.05961607 | E8: =IFERROR(ABS(D8)/C8*100,0) -> 1.0684619 | F8: 5.53 | G8: 5.5929012 | H8: =F8-G8 -> -0.06290123 | I8: =IFERROR(ABS(H8)/G8*100,0) -> 1.1246619 | J8: 5.27 | K8: 5.3272052 | L8: =J8-K8 -> -0.057205181 | M8: =IFERROR(ABS(L8)/K8*100,0) -> 1.073831 | N8: 5.28 | O8: 5.3404899 | P8: =N8-O8 -> -0.060489864 | Q8: =IFERROR(ABS(P8)/O8*100,0) -> 1.1326651 | R8: 697979 | S8: 3287121 | T8: =R8-S8 -> -2589142 | U8: =IFERROR(ABS(T8)/S8*100,0) -> 78.766252
A9: 35723 | B9: 4.42 | C9: 4.4636931 | D9: =B9-C9 -> -0.043693142 | E9: =IFERROR(ABS(D9)/C9*100,0) -> 0.97885631 | F9: 4.73 | G9: 4.7825279 | H9: =F9-G9 -> -0.052527924 | I9: =IFERROR(ABS(H9)/G9*100,0) -> 1.0983297 | J9: 4.4 | K9: 4.450408 | L9: =J9-K9 -> -0.050407982 | M9: =IFERROR(ABS(L9)/K9*100,0) -> 1.1326598 | N9: 4.63 | O9: 4.67625 | P9: =N9-O9 -> -0.046249981 | Q9: =IFERROR(ABS(P9)/O9*100,0) -> 0.98903996 | R9: 2444328 | S9: 11499985 | T9: =R9-S9 -> -9055657 | U9: =IFERROR(ABS(T9)/S9*100,0) -> 78.744946
A10: 35724 | B10: 4.84 | C10: 4.8888059 | D10: =B10-C10 -> -0.048805866 | E10: =IFERROR(ABS(D10)/C10*100,0) -> 0.99831876 | F10: 5.28 | G10: 5.3404899 | H10: =F10-G10 -> -0.060489864 | I10: =IFERROR(ABS(H10)/G10*100,0) -> 1.1326651 | J10: 4.81 | K10: 4.862237 | L10: =J10-K10 -> -0.052236977 | M10: =IFERROR(ABS(L10)/K10*100,0) -> 1.0743404 | N10: 5.28 | O10: 5.3404899 | P10: =N10-O10 -> -0.060489864 | Q10: =IFERROR(ABS(P10)/O10*100,0) -> 1.1326651 | R10: 1471857 | S10: 6924737 | T10: =R10-S10 -> -5452880 | U10: =IFERROR(ABS(T10)/S10*100,0) -> 78.74494
A11: 35725 | B11: 4.86 | C11: 4.9153762 | D11: =B11-C11 -> -0.055376186 | E11: =IFERROR(ABS(D11)/C11*100,0) -> 1.126591 | F11: 4.88 | G11: 4.9286609 | H11: =F11-G11 -> -0.04866087 | I11: =IFERROR(ABS(H11)/G11*100,0) -> 0.98730408 | J11: 4.65 | K11: 4.7028189 | L11: =J11-K11 -> -0.052818871 | M11: =IFERROR(ABS(L11)/K11*100,0) -> 1.1231322 | N11: 4.67 | O11: 4.716104 | P11: =N11-O11 -> -0.046104031 | Q11: =IFERROR(ABS(P11)/O11*100,0) -> 0.97758724 | R11: 946371 | S11: 4458573 | T11: =R11-S11 -> -3512202 | U11: =IFERROR(ABS(T11)/S11*100,0) -> 78.774128
A12: 35726 | B12: 4.52 | C12: 4.5699711 | D12: =B12-C12 -> -0.049971085 | E12: =IFERROR(ABS(D12)/C12*100,0) -> 1.0934661 | F12: 4.52 | G12: 4.5699711 | H12: =F12-G12 -> -0.049971085 | I12: =IFERROR(ABS(H12)/G12*100,0) -> 1.0934661 | J12: 4.21 | K12: 4.2511358 | L12: =J12-K12 -> -0.041135826 | M12: =IFERROR(ABS(L12)/K12*100,0) -> 0.96764318 | N12: 4.39 | O12: 4.4371228 | P12: =N12-O12 -> -0.047122822 | Q12: =IFERROR(ABS(P12)/O12*100,0) -> 1.062013 | R12: 2644722 | S12: 12494072 | T12: =R12-S12 -> -9849350 | U12: =IFERROR(ABS(T12)/S12*100,0) -> 78.832185
A13: 35727 | B13: 4.5 | C13: 4.5434022 | D13: =B13-C13 -> -0.043402195 | E13: =IFERROR(ABS(D13)/C13*100,0) -> 0.95527962 | F13: 4.52 | G13: 4.5699711 | H13: =F13-G13 -> -0.049971085 | I13: =IFERROR(ABS(H13)/G13*100,0) -> 1.0934661 | J13: 4.05 | K13: 4.0917182 | L13: =J13-K13 -> -0.041718197 | M13: =IFERROR(ABS(L13)/K13*100,0) -> 1.0195765 | N13: 4.15 | O13: 4.1979971 | P13: =N13-O13 -> -0.047997093 | Q13: =IFERROR(ABS(P13)/O13*100,0) -> 1.1433332 | R13: 2018441 | S13: 9498638 | T13: =R13-S13 -> -7480197 | U13: =IFERROR(ABS(T13)/S13*100,0) -> 78.750206
... A7272: 46275 | B7272: 426.44 | C7272: 426.44 | D7272: =B7272-C7272 -> -2.4e-06 | E7272: =IFERROR(ABS(D7272)/C7272*100,0) -> 5.6279899e-07 | F7272: 432.53 | G7272: 432.53 | H7272: =F7272-G7272 -> 1.2e-06 | I7272: =IFERROR(ABS(H7272)/G7272*100,0) -> 2.774374e-07 | J7272: 424.05 | K7272: 424.04999 | L7272: =J7272-K7272 -> 1.22e-05 | M7272: =IFERROR(ABS(L7272)/K7272*100,0) -> 2.8770193e-06 | N7272: 428.03 | O7272: 428.03 | P7272: =N7272-O7272 -> 1.2e-06 | Q7272: =IFERROR(ABS(P7272)/O7272*100,0) -> 2.8035418e-07 | R7272: 8182654 | S7272: 8341200 | T7272: =R7272-S7272 -> -158546 | U7272: =IFERROR(ABS(T7272)/S7272*100,0) -> 1.9007577

Sheet Charts
A1: Visual Comparison — Google Finance vs Yahoo Finance (TSM)
A3: Date | B3: Close (Google) | C3: Close (Yahoo) | D3: Close % Diff | E3: Volume (Google) | F3: Volume (Yahoo)
A4: 35712 | B4: 6.26 | C4: 6.323565 | D4: 1.0052084 | E4: 2167736 | F4: 10201979
A5: 35713 | B5: 6.55 | C5: 6.6158299 | D5: 0.99503684 | E5: 2267033 | F5: 10669148
A6: 35716 | B6: 6.4 | C6: 6.469698 | D6: 1.0772984 | E6: 647081 | F6: 3044363
A7: 35717 | B7: 6.14 | C7: 6.2040019 | D7: 1.0316229 | E7: 541983 | F7: 2549907
A8: 35718 | B8: 5.97 | C8: 6.0312991 | D8: 1.0163501 | E8: 673180 | F8: 3167153
A9: 35719 | B9: 5.78 | C9: 5.8453121 | D9: 1.1173419 | E9: 376388 | F9: 1770821
A10: 35720 | B10: 5.28 | C10: 5.3404899 | D10: 1.1326651 | E10: 697979 | F10: 3287121
A11: 35723 | B11: 4.63 | C11: 4.67625 | D11: 0.98903996 | E11: 2444328 | F11: 11499985
A12: 35724 | B12: 5.28 | C12: 5.3404899 | D12: 1.1326651 | E12: 1471857 | F12: 6924737
A13: 35725 | B13: 4.67 | C13: 4.716104 | D13: 0.97758724 | E13: 946371 | F13: 4458573
A14: 35726 | B14: 4.39 | C14: 4.4371228 | D14: 1.062013 | E14: 2644722 | F14: 12494072
A15: 35727 | B15: 4.15 | C15: 4.1979971 | D15: 1.1433332 | E15: 2018441 | F15: 9498638
... A7274: 46275 | B7274: 428.03 | C7274: 428.03 | D7274: 2.8035418e-07 | E7274: 8182654 | F7274: 8341200
